message_id,name
msg001,IT
msg002,Project
msg003,IT
msg004,Finance
msg005,Project
msg006,Administration
msg007,Project
msg008,HR
msg009,Administration
msg010,HR
msg011,IT
msg012,Administration
msg013,Finance
msg014,Administration
msg015,HR
msg016,Project
msg017,HR
msg018,IT
msg019,Administration
msg020,HR
msg021,Project
msg022,HR
msg023,Administration
msg024,Project
msg025,Administration
msg026,IT
msg027,Project
msg028,HR
msg029,HR
msg030,IT
msg031,Administration
msg032,HR
msg033,IT
msg034,Project
msg035,Finance
msg036,IT
msg037,Administration
msg038,HR
msg039,Project
msg040,Administration
msg041,HR
msg042,Administration
msg043,HR
msg044,Administration
msg045,IT
msg046,Project
msg047,Administration
msg048,Finance
msg049,HR
msg050,IT
