message_id,type
msg001,Request
msg002,Inform
msg003,Complaint
msg004,Request
msg005,Request
msg006,Request
msg007,Inform
msg008,Request
msg009,Inform
msg010,Request
msg011,Request
msg012,Inform
msg013,Request
msg014,Inform
msg015,Request
msg016,Request
msg017,Inform
msg018,Request
msg019,Inform
msg020,Request
msg021,Inform
msg022,Request
msg023,Inform
msg024,Inform
msg025,Request
msg026,Inform
msg027,Request
msg028,Approval
msg029,Inform
msg030,Request
msg031,Inform
msg032,Request
msg033,Inform
msg034,Request
msg035,Request
msg036,Request
msg037,Inform
msg038,Request
msg039,Inform
msg040,Request
msg041,Request
msg042,Inform
msg043,Request
msg044,Inform
msg045,Request
msg046,Request
msg047,Inform
msg048,Request
msg049,Inform
msg050,Request
