email,message_id
elon.musk@fakeCompany.com,msg001
steve.jobs@fakeCompany.com,msg002
jane.doe@fakeCompany.com,msg003
bob.johnson@fakeCompany.com,msg004
david.brown@fakeCompany.com,msg005
alice.smith@fakeCompany.com,msg006
frank.wilson@fakeCompany.com,msg007
jane.doe@fakeCompany.com,msg008
bob.johnson@fakeCompany.com,msg009
elon.musk@fakeCompany.com,msg010
alice.smith@fakeCompany.com,msg011
jane.doe@fakeCompany.com,msg012
david.brown@fakeCompany.com,msg013
bob.johnson@fakeCompany.com,msg014
frank.wilson@fakeCompany.com,msg015
steve.jobs@fakeCompany.com,msg016
jane.doe@fakeCompany.com,msg017
bob.johnson@fakeCompany.com,msg018
emily.davis@fakeCompany.com,msg019
david.brown@fakeCompany.com,msg020
frank.wilson@fakeCompany.com,msg021
emily.davis@fakeCompany.com,msg022
steve.jobs@fakeCompany.com,msg023
david.brown@fakeCompany.com,msg024
jane.doe@fakeCompany.com,msg025
bob.johnson@fakeCompany.com,msg026
frank.wilson@fakeCompany.com,msg027
emily.davis@fakeCompany.com,msg028
alice.smith@fakeCompany.com,msg029
david.brown@fakeCompany.com,msg030
jane.doe@fakeCompany.com,msg031
frank.wilson@fakeCompany.com,msg032
bob.johnson@fakeCompany.com,msg033
emily.davis@fakeCompany.com,msg034
frank.wilson@fakeCompany.com,msg035
alice.smith@fakeCompany.com,msg036
steve.jobs@fakeCompany.com,msg037
david.brown@fakeCompany.com,msg038
jane.doe@fakeCompany.com,msg039
carol.white@fakeCompany.com,msg040
david.brown@fakeCompany.com,msg041
jane.doe@fakeCompany.com,msg042
frank.wilson@fakeCompany.com,msg043
bob.johnson@fakeCompany.com,msg044
alice.smith@fakeCompany.com,msg045
steve.jobs@fakeCompany.com,msg046
emily.davis@fakeCompany.com,msg047
david.brown@fakeCompany.com,msg048
alice.smith@fakeCompany.com,msg049
david.brown@fakeCompany.com,msg050
